{"lambda1": 0.027559092644937187, "lambda2": 9.005210436851223e-05}