{
  "lambda1": 0.022460882963117913,
  "lambda2": 0.18557406048335545,
  "lambda3": 0.8
}